book_id,book_genre,clean_genre_list
14891980,"['Nonfiction', 'Psychology', 'Self Help', 'Self Help', 'Business', 'Productivity', 'Audiobook', 'Philosophy', 'Education', 'Leadership']","['Nonfiction', 'Psychology', 'Self Help', 'Business', 'Productivity', 'Audiobook', 'Philosophy', 'Education', 'Leadership']"
13525945,"['', '', 'Nonfiction', 'Self Help', 'Business', 'Self Help', 'Productivity', 'Psychology', 'Audiobook', 'Philosophy', 'Leadership', 'Education']","['Nonfiction', 'Self Help', 'Business', 'Productivity', 'Psychology', 'Audiobook', 'Philosophy', 'Leadership', 'Education']"
6346975,"['Nonfiction', 'Science', 'Psychology', 'Self Help', 'Autobiography', 'Self Help', 'Audiobook', 'Education', 'Biography', 'Neuroscience']","['Nonfiction', 'Science', 'Psychology', 'Self Help', 'Autobiography', 'Audiobook', 'Education', 'Biography', 'Neuroscience']"
37880811,"['Nonfiction', 'Self Help', 'Productivity', 'Business', 'Self Help', 'Psychology', 'Audiobook', 'Design', 'Business', 'Leadership']","['Nonfiction', 'Self Help', 'Productivity', 'Business', 'Psychology', 'Audiobook', 'Design', 'Leadership']"
52200318,"['Psychology', 'Science', 'Nonfiction', 'Philosophy', 'Business', 'Self Help', 'Self Help', 'Science', 'Science', 'Productivity']","['Psychology', 'Science', 'Nonfiction', 'Philosophy', 'Business', 'Self Help', 'Productivity']"
6568149,"['Nonfiction', 'Self Help', 'Business', 'Psychology', 'Productivity', 'Education', 'Self Help', 'Science', 'Design', 'Business']","['Nonfiction', 'Self Help', 'Business', 'Psychology', 'Productivity', 'Education', 'Science', 'Design']"
40653148,"['Fiction', 'Science Fiction', 'Historical', 'Fantasy', 'Literary Fiction', 'Adult', 'Science Fiction Fantasy', 'Space', 'Speculative Fiction', 'Adult Fiction']","['Fiction', 'Science Fiction', 'Historical', 'Fantasy', 'Literary Fiction', 'Adult', 'Science Fiction Fantasy', 'Space', 'Speculative Fiction', 'Adult Fiction']"
35398627,"['Childrens', 'Poetry', 'Contemporary', 'Fiction', 'Realistic Fiction', 'Young Adult', 'Audiobook', 'Childrens', 'Family', 'Cultural']","['Childrens', 'Poetry', 'Contemporary', 'Fiction', 'Realistic Fiction', 'Young Adult', 'Audiobook', 'Family', 'Cultural']"
39280445,"['Fiction', 'Contemporary', 'Audiobook', 'Mystery', 'Thriller', 'Womens Fiction', 'Adult', 'Adult Fiction', 'Thriller', 'Cultural']","['Fiction', 'Contemporary', 'Audiobook', 'Mystery', 'Thriller', 'Womens Fiction', 'Adult', 'Adult Fiction', 'Cultural']"
55004093,"['Fantasy', 'Mystery', 'Fiction', 'Thriller', 'Thriller', 'Magical Realism', 'Adult', 'Audiobook', 'Writing', 'Science Fiction']","['Fantasy', 'Mystery', 'Fiction', 'Thriller', 'Magical Realism', 'Adult', 'Audiobook', 'Writing', 'Science Fiction']"
58438576,"['Science Fiction', 'Fiction', 'Science Fiction', 'Fantasy', 'Speculative Fiction', 'Adult', 'Mystery', 'Science Fiction Fantasy', 'Thriller', 'Adult Fiction']","['Science Fiction', 'Fiction', 'Fantasy', 'Speculative Fiction', 'Adult', 'Mystery', 'Science Fiction Fantasy', 'Thriller', 'Adult Fiction']"
27362503,"['Romance', 'Contemporary', 'Fiction', 'New Adult', 'Romance', 'Adult', 'Audiobook', 'Sociology', 'Womens Fiction', 'Young Adult']","['Romance', 'Contemporary', 'Fiction', 'New Adult', 'Adult', 'Audiobook', 'Sociology', 'Womens Fiction', 'Young Adult']"
51896016,"['Romance', 'Fiction', 'Contemporary', 'Novels', 'Romance', 'Womens Fiction', 'Asian Literature']","['Romance', 'Fiction', 'Contemporary', 'Novels', 'Womens Fiction', 'Asian Literature']"
55817473,"['Fiction', 'Feminism', 'Asian Literature', 'Adult', 'Contemporary', 'Novels', 'Mystery']","['Fiction', 'Feminism', 'Asian Literature', 'Adult', 'Contemporary', 'Novels', 'Mystery']"
55600878,"['Romance', 'Young Adult', 'Contemporary', 'Fiction', 'Magical Realism', 'Fantasy', 'Audiobook', 'Romance', 'Young Adult', 'Young Adult']","['Romance', 'Young Adult', 'Contemporary', 'Fiction', 'Magical Realism', 'Fantasy', 'Audiobook']"
57004637,"['Fiction', 'Magical Realism', 'Literary Fiction', 'Fantasy', 'Writing', 'Contemporary', 'Audiobook', 'Health', 'Young Adult', 'Novels']","['Fiction', 'Magical Realism', 'Literary Fiction', 'Fantasy', 'Writing', 'Contemporary', 'Audiobook', 'Health', 'Young Adult', 'Novels']"
25734172,"['Science', 'Nonfiction', 'Science', 'Philosophy', 'Audiobook', 'Writing', 'Science', 'History', 'European Literature', 'Environment']","['Science', 'Nonfiction', 'Philosophy', 'Audiobook', 'Writing', 'History', 'European Literature', 'Environment']"
36442813,"['Science', 'Nonfiction', 'Science', 'Philosophy', 'Audiobook', 'Science', 'History', 'Writing', 'Cultural', 'European Literature']","['Science', 'Nonfiction', 'Philosophy', 'Audiobook', 'History', 'Writing', 'Cultural', 'European Literature']"
39407010,"['Relationships', 'Nonfiction', 'Self Help', 'Psychology', 'Marriage', 'Romance', 'Self Help', 'Love', 'Unfinished', 'Language']","['Relationships', 'Nonfiction', 'Self Help', 'Psychology', 'Marriage', 'Romance', 'Love', 'Unfinished', 'Language']"
42861019,"['Nonfiction', 'Self Help', 'Philosophy', 'Psychology', 'Asian Literature', 'Health', 'Self Help', 'Anthologies', 'Inspirational', 'Adult']","['Nonfiction', 'Self Help', 'Philosophy', 'Psychology', 'Asian Literature', 'Health', 'Anthologies', 'Inspirational', 'Adult']"
36959766,"['Productivity', 'Self Help', 'Nonfiction', 'Psychology', 'Self Help', 'Business', 'Audiobook', 'Science', 'Leadership', 'Neurodiversity']","['Productivity', 'Self Help', 'Nonfiction', 'Psychology', 'Business', 'Audiobook', 'Science', 'Leadership', 'Neurodiversity']"
56653946,[],[]
11525157,"['Fiction', 'Historical', 'Novels', 'Romance', 'Philosophy', 'Asian Literature', 'Spirituality', 'Religion', 'Literature', 'Cultural']","['Fiction', 'Historical', 'Novels', 'Romance', 'Philosophy', 'Asian Literature', 'Spirituality', 'Religion', 'Literature', 'Cultural']"
25111093,"['', 'Nonfiction', 'History', 'Travel', 'Science', 'Psychology', 'Science', 'Audiobook', 'Business', 'Philosophy', 'Cultural']","['Nonfiction', 'History', 'Travel', 'Science', 'Psychology', 'Audiobook', 'Business', 'Philosophy', 'Cultural']"
23015962,"['Young Adult', 'Romance', 'Contemporary', 'Realistic Fiction', 'Humor', 'Fiction', 'Young Adult', 'Young Adult', 'Young Adult', 'Adventure']","['Young Adult', 'Romance', 'Contemporary', 'Realistic Fiction', 'Humor', 'Fiction', 'Adventure']"
17978134,"['', '', 'Business', 'Nonfiction', 'Education', 'Leadership', 'Psychology', 'Self Help', 'Self Help', 'Design', 'Teaching', 'Audiobook']","['Business', 'Nonfiction', 'Education', 'Leadership', 'Psychology', 'Self Help', 'Design', 'Teaching', 'Audiobook']"
54968118,"['', 'Science', 'Nonfiction', 'Biography', 'History', 'Science', 'Audiobook', 'Biography Memoir', 'Science', 'Biology', 'Health']","['Science', 'Nonfiction', 'Biography', 'History', 'Audiobook', 'Biography Memoir', 'Biology', 'Health']"
57304990,"['Fiction', 'Romance', 'Novels', 'Asian Literature', 'Family', 'Contemporary']","['Fiction', 'Romance', 'Novels', 'Asian Literature', 'Family', 'Contemporary']"
57866254,"['Politics', 'Nonfiction']","['Politics', 'Nonfiction']"
54817585,"['Psychology', 'Nonfiction', 'Science', 'Biology', 'Self Help', 'Philosophy', 'Science', 'Self Help']","['Psychology', 'Nonfiction', 'Science', 'Biology', 'Self Help', 'Philosophy']"
35434970,"['Self Help', 'Nonfiction', 'Psychology', 'Philosophy', 'Unfinished', 'Self Help']","['Self Help', 'Nonfiction', 'Psychology', 'Philosophy', 'Unfinished']"
6452796,"['', 'Nonfiction', 'Business', 'Psychology', 'Leadership', 'Self Help', 'Self Help', 'Business', 'Education', 'Productivity', 'Science']","['Nonfiction', 'Business', 'Psychology', 'Leadership', 'Self Help', 'Education', 'Productivity', 'Science']"
31522008,"['Psychology', 'Nonfiction', 'Self Help', 'Self Help', 'Business', 'Leadership', 'Audiobook', 'Science', 'Science', 'Biology']","['Psychology', 'Nonfiction', 'Self Help', 'Business', 'Leadership', 'Audiobook', 'Science', 'Biology']"
40526430,"['Mystery', 'Young Adult', 'Contemporary', 'Fiction', 'Audiobook', 'Retellings', 'Romance', 'Thriller', 'Thriller', 'Young Adult']","['Mystery', 'Young Adult', 'Contemporary', 'Fiction', 'Audiobook', 'Retellings', 'Romance', 'Thriller']"
35444098,"['Mystery', 'Young Adult', 'Contemporary', 'Fiction', 'Audiobook', 'Retellings', 'Thriller', 'Romance', 'Thriller', 'Mystery']","['Mystery', 'Young Adult', 'Contemporary', 'Fiction', 'Audiobook', 'Retellings', 'Thriller', 'Romance']"
30805963,"['Mystery', 'Young Adult', 'Contemporary', 'Fiction', 'Retellings', 'Thriller', 'Audiobook', 'Romance', 'Thriller', 'Young Adult']","['Mystery', 'Young Adult', 'Contemporary', 'Fiction', 'Retellings', 'Thriller', 'Audiobook', 'Romance']"
38908121,"['Mystery', 'Young Adult', 'Contemporary', 'Retellings', 'Fiction', 'Thriller', 'Audiobook', 'Romance', 'Thriller', 'Mystery']","['Mystery', 'Young Adult', 'Contemporary', 'Retellings', 'Fiction', 'Thriller', 'Audiobook', 'Romance']"
53642699,"['Self Help', 'Nonfiction', 'Psychology', 'Health', 'Self Help', 'Poetry', 'Spirituality', 'Education', 'Health', 'Productivity']","['Self Help', 'Nonfiction', 'Psychology', 'Health', 'Poetry', 'Spirituality', 'Education', 'Productivity']"
55885422,"['Mystery', 'Historical', 'Fiction', 'Fantasy', 'Historical', 'Thriller', 'Audiobook', 'Mystery', 'Science Fiction', 'Thriller']","['Mystery', 'Historical', 'Fiction', 'Fantasy', 'Thriller', 'Audiobook', 'Science Fiction']"
50977686,['Fiction'],['Fiction']
57016829,"['Psychology', 'Nonfiction', 'Self Help', 'Science', 'Business', 'Philosophy', 'Science']","['Psychology', 'Nonfiction', 'Self Help', 'Science', 'Business', 'Philosophy']"
44245196,"['Psychology', 'Nonfiction', 'Business', 'Self Help', 'Philosophy', 'Self Help', 'Science', 'Productivity', 'Leadership', 'Audiobook']","['Psychology', 'Nonfiction', 'Business', 'Self Help', 'Philosophy', 'Science', 'Productivity', 'Leadership', 'Audiobook']"
59358804,"['Young Adult', 'Mystery', 'Fantasy', 'Fantasy', 'Paranormal', 'Fiction', 'Horror', 'Fantasy', 'Historical', 'Fantasy']","['Young Adult', 'Mystery', 'Fantasy', 'Paranormal', 'Fiction', 'Horror', 'Historical']"
45449555,"['Mystery', 'Young Adult', 'Contemporary', 'Thriller', 'Audiobook', 'Fiction', 'Thriller', 'Mystery', 'Historical', 'School Stories']","['Mystery', 'Young Adult', 'Contemporary', 'Thriller', 'Audiobook', 'Fiction', 'Historical', 'School Stories']"
39991163,"['Mystery', 'Young Adult', 'Contemporary', 'Thriller', 'Audiobook', 'Fiction', 'Thriller', 'Mystery', 'School Stories', 'Historical']","['Mystery', 'Young Adult', 'Contemporary', 'Thriller', 'Audiobook', 'Fiction', 'School Stories', 'Historical']"
38898759,"['Mystery', 'Young Adult', 'Contemporary', 'Thriller', 'Fiction', 'Thriller', 'Audiobook', 'Mystery', 'School Stories', 'Historical']","['Mystery', 'Young Adult', 'Contemporary', 'Thriller', 'Fiction', 'Audiobook', 'School Stories', 'Historical']"
6688629,"['Nonfiction', 'Design', 'Reference', 'Science', 'Art', 'Business', 'Art', 'Science', 'Cultural', 'History']","['Nonfiction', 'Design', 'Reference', 'Science', 'Art', 'Business', 'Cultural', 'History']"
54468663,"['Mystery', 'Young Adult', 'Thriller', 'Audiobook', 'Contemporary', 'Fiction', 'Thriller', 'Mystery', 'Young Adult', 'Mystery']","['Mystery', 'Young Adult', 'Thriller', 'Audiobook', 'Contemporary', 'Fiction']"
56732449,"['Romance', 'Contemporary', 'Fiction', 'Romance', 'Adult', 'New Adult', 'Womens Fiction', 'Audiobook', 'Adult Fiction', 'Academic']","['Romance', 'Contemporary', 'Fiction', 'Adult', 'New Adult', 'Womens Fiction', 'Audiobook', 'Adult Fiction', 'Academic']"
55304740,"['Thriller', 'Mystery', 'Fiction', 'Mystery', 'Thriller', 'Suspense', 'Science Fiction', 'Mystery', 'Science Fiction Fantasy', 'Adult']","['Thriller', 'Mystery', 'Fiction', 'Suspense', 'Science Fiction', 'Science Fiction Fantasy', 'Adult']"
41737836,"['Science', 'Nonfiction']","['Science', 'Nonfiction']"
30197201,"['Contemporary', 'Young Adult', 'Romance', 'Health', 'Fiction', 'Disability', 'Young Adult', 'Mental Health', 'Realistic Fiction', 'Young Adult']","['Contemporary', 'Young Adult', 'Romance', 'Health', 'Fiction', 'Disability', 'Mental Health', 'Realistic Fiction']"
5963147,"['Business', 'Nonfiction', 'Self Help', 'Buisness', 'Psychology', 'Self Help', 'Leadership', 'Reference']","['Business', 'Nonfiction', 'Self Help', 'Buisness', 'Psychology', 'Leadership', 'Reference']"
57312022,"['Fantasy', 'Fiction', 'LGBT', 'Romance', 'Audiobook', 'Young Adult', 'LGBT', 'Adult', 'Fantasy', 'Contemporary']","['Fantasy', 'Fiction', 'LGBT', 'Romance', 'Audiobook', 'Young Adult', 'Adult', 'Contemporary']"
51716442,"['Romance', 'Fiction', 'Contemporary', 'Womens Fiction', 'Audiobook', 'Adult', 'Romance', 'Adult Fiction', 'Womens Fiction', 'European Literature']","['Romance', 'Fiction', 'Contemporary', 'Womens Fiction', 'Audiobook', 'Adult', 'Adult Fiction', 'European Literature']"
23013953,"['Nonfiction', 'Science', 'Health', 'Science', 'Health', 'Medical', 'Audiobook', 'Food and Drink', 'Health', 'European Literature']","['Nonfiction', 'Science', 'Health', 'Medical', 'Audiobook', 'Food and Drink', 'European Literature']"
39074550,"['Nonfiction', 'Science', 'Science', 'Humor', 'History', 'Audiobook', 'Science', 'Science', 'Science', 'Humor']","['Nonfiction', 'Science', 'Humor', 'History', 'Audiobook']"
27209485,"['Psychology', 'Nonfiction', 'Self Help', 'Self Help', 'Audiobook', 'Business', 'Leadership', 'Health', 'Health', 'Parenting']","['Psychology', 'Nonfiction', 'Self Help', 'Audiobook', 'Business', 'Leadership', 'Health', 'Parenting']"
55789067,"['Fiction', 'Contemporary', 'Romance', 'Audiobook', 'Adult Fiction', 'Womens Fiction', 'Adult', 'Book Club', 'European Literature', 'Realistic Fiction']","['Fiction', 'Contemporary', 'Romance', 'Audiobook', 'Adult Fiction', 'Womens Fiction', 'Adult', 'Book Club', 'European Literature', 'Realistic Fiction']"
18158562,"['Fiction', 'Romance', 'Contemporary', 'Womens Fiction', 'Audiobook', 'Adult', 'Humor', 'Adult Fiction', 'Cultural', 'Realistic Fiction']","['Fiction', 'Romance', 'Contemporary', 'Womens Fiction', 'Audiobook', 'Adult', 'Humor', 'Adult Fiction', 'Cultural', 'Realistic Fiction']"
43341641,"['Romance', 'Contemporary', 'Fiction', 'Romance', 'Adult', 'Womens Fiction', 'Audiobook', 'New Adult', 'Adult Fiction', 'Humor']","['Romance', 'Contemporary', 'Fiction', 'Adult', 'Womens Fiction', 'Audiobook', 'New Adult', 'Adult Fiction', 'Humor']"
55937653,"['Mystery', 'Thriller', 'Thriller', 'Fiction', 'Audiobook', 'Adult', 'Suspense', 'Contemporary', 'Mystery', 'Adult Fiction']","['Mystery', 'Thriller', 'Fiction', 'Audiobook', 'Adult', 'Suspense', 'Contemporary', 'Adult Fiction']"
53215174,"['Crafts', 'Nonfiction', 'European Literature', 'Autobiography', 'Audiobook', 'Art', 'Adult']","['Crafts', 'Nonfiction', 'European Literature', 'Autobiography', 'Audiobook', 'Art', 'Adult']"
56081817,"['Romance', 'Contemporary', 'Romance', 'Fiction', 'Adult', 'Womens Fiction', 'Audiobook', 'Adult Fiction', 'New Adult', 'Family']","['Romance', 'Contemporary', 'Fiction', 'Adult', 'Womens Fiction', 'Audiobook', 'Adult Fiction', 'New Adult', 'Family']"
57223899,"['Novels', 'Fiction', 'Asian Literature', 'Romance', 'Young Adult']","['Novels', 'Fiction', 'Asian Literature', 'Romance', 'Young Adult']"
35688002,"['Mystery', 'Fiction', 'Thriller', 'Mystery', 'Thriller', 'Cultural', 'Audiobook', 'Suspense', 'Contemporary', 'Adult']","['Mystery', 'Fiction', 'Thriller', 'Cultural', 'Audiobook', 'Suspense', 'Contemporary', 'Adult']"
27824826,"['Mystery', 'Fiction', 'Thriller', 'Mystery', 'Thriller', 'Cultural', 'Audiobook', 'Suspense', 'Adult', 'Contemporary']","['Mystery', 'Fiction', 'Thriller', 'Cultural', 'Audiobook', 'Suspense', 'Adult', 'Contemporary']"
52257262,"['Science Fiction', 'Fiction', 'Science Fiction', 'Adult', 'Feminism', 'Thriller', 'Space', 'Science Fiction Fantasy', 'Fantasy', 'Speculative Fiction']","['Science Fiction', 'Fiction', 'Adult', 'Feminism', 'Thriller', 'Space', 'Science Fiction Fantasy', 'Fantasy', 'Speculative Fiction']"
28389305,"['Historical', 'Fiction', 'Historical', 'Audiobook', 'Adult', 'Adult Fiction', 'Book Club', 'Romance', 'Womens', 'Feminism']","['Historical', 'Fiction', 'Audiobook', 'Adult', 'Adult Fiction', 'Book Club', 'Romance', 'Womens', 'Feminism']"
54906250,"['Science Fiction', 'Fiction', 'Audiobook', 'Space', 'Adult', 'Fantasy', 'Thriller', 'Science Fiction Fantasy', 'Adventure', 'Mystery']","['Science Fiction', 'Fiction', 'Audiobook', 'Space', 'Adult', 'Fantasy', 'Thriller', 'Science Fiction Fantasy', 'Adventure', 'Mystery']"
25728418,"['Biography', 'Childrens', 'Nonfiction', 'Science', 'Childrens', 'Science', 'History', 'Biography Memoir', 'Historical', 'Science']","['Biography', 'Childrens', 'Nonfiction', 'Science', 'History', 'Biography Memoir', 'Historical']"
26842528,"['Science', 'Nonfiction', 'Science', 'Science', 'Science', 'Audiobook', 'Science', 'Adult', 'Culture', 'Reference']","['Science', 'Nonfiction', 'Audiobook', 'Adult', 'Culture', 'Reference']"
31817279,"['Science', 'Nonfiction', 'Science', 'Audiobook', 'Science', 'Education', 'Environment', 'Unfinished', 'Science Nature', 'History']","['Science', 'Nonfiction', 'Audiobook', 'Education', 'Environment', 'Unfinished', 'Science Nature', 'History']"
36341728,"['Science', 'Nonfiction', 'Science', 'Science', 'Philosophy', 'Science', 'History', 'Audiobook', 'Adult', 'Academic']","['Science', 'Nonfiction', 'Philosophy', 'History', 'Audiobook', 'Adult', 'Academic']"
35957157,"['Business', 'Nonfiction', 'Psychology', 'Self Help', 'Self Help', 'Leadership', 'Economics', 'Science', 'Economics', 'Audiobook']","['Business', 'Nonfiction', 'Psychology', 'Self Help', 'Leadership', 'Economics', 'Science', 'Audiobook']"
31290886,"['Mystery', 'Thriller', 'Thriller', 'Mystery', 'Fiction', 'Audiobook', 'Suspense', 'Action', 'Mystery', 'Fantasy']","['Mystery', 'Thriller', 'Fiction', 'Audiobook', 'Suspense', 'Action', 'Fantasy']"
54895700,"['Nonfiction', 'Self Help', 'Productivity', 'Self Help', 'Business', 'Psychology', 'Audiobook', 'Leadership', 'Philosophy', 'Buisness']","['Nonfiction', 'Self Help', 'Productivity', 'Business', 'Psychology', 'Audiobook', 'Leadership', 'Philosophy', 'Buisness']"
24821488,"['Thriller', 'Mystery', 'Thriller', 'Fiction', 'Mystery', 'Suspense', 'Audiobook', 'Fantasy', 'Action', 'Mystery']","['Thriller', 'Mystery', 'Fiction', 'Suspense', 'Audiobook', 'Fantasy', 'Action']"
22320155,"['Mystery', 'Thriller', 'Fiction', 'Mystery', 'Thriller', 'Suspense', 'Fantasy', 'Audiobook', 'Fantasy', 'The United States Of America']","['Mystery', 'Thriller', 'Fiction', 'Suspense', 'Fantasy', 'Audiobook', 'The United States Of America']"
55106991,"['', '', 'Mystery', 'Fiction', 'Thriller', 'Thriller', 'Audiobook', 'Historical', 'Suspense', 'Mystery', 'Adult', 'Adult Fiction']","['Mystery', 'Fiction', 'Thriller', 'Audiobook', 'Historical', 'Suspense', 'Adult', 'Adult Fiction']"
53605067,"['Nonfiction', 'Science', 'Economics', 'Science', 'Business', 'Psychology', 'Audiobook', 'History', 'Science', 'Business']","['Nonfiction', 'Science', 'Economics', 'Business', 'Psychology', 'Audiobook', 'History']"
34912895,"['Fiction', 'Historical', 'Audiobook', 'Historical', 'Adult', 'Romance', 'Adult Fiction', 'Contemporary', 'Book Club', 'Family']","['Fiction', 'Historical', 'Audiobook', 'Adult', 'Romance', 'Adult Fiction', 'Contemporary', 'Book Club', 'Family']"
28114551,"['Nonfiction', 'Biography', 'History', 'Historical', 'Childrens', 'Medical', 'Young Adult', 'War', 'Biography Memoir', 'Family']","['Nonfiction', 'Biography', 'History', 'Historical', 'Childrens', 'Medical', 'Young Adult', 'War', 'Biography Memoir', 'Family']"
56893025,"['Novels', 'Fiction', 'Asian Literature', 'Young Adult', 'Romance']","['Novels', 'Fiction', 'Asian Literature', 'Young Adult', 'Romance']"
44442025,"['Nonfiction', 'Self Help', 'Self Help', 'Productivity', 'Audiobook', 'Business', 'Psychology', 'Health', 'Adult', 'Unfinished']","['Nonfiction', 'Self Help', 'Productivity', 'Audiobook', 'Business', 'Psychology', 'Health', 'Adult', 'Unfinished']"
48526390,"['Mystery', 'Fiction', 'Thriller', 'Thriller', 'Mystery', 'Suspense', 'Audiobook', 'Adventure', 'Contemporary', 'Mystery']","['Mystery', 'Fiction', 'Thriller', 'Suspense', 'Audiobook', 'Adventure', 'Contemporary']"
42099289,"['Nonfiction', 'Feminism', 'Audiobook', 'Autobiography', 'Womens', 'Biography', 'Self Help', 'Business', 'Leadership', 'Social Movements']","['Nonfiction', 'Feminism', 'Audiobook', 'Autobiography', 'Womens', 'Biography', 'Self Help', 'Business', 'Leadership', 'Social Movements']"
55238787,"['Language', 'Self Help', 'Psychology', 'Business', 'Self Help', 'Nonfiction']","['Language', 'Self Help', 'Psychology', 'Business', 'Nonfiction']"
51158503,"['Mystery', 'Thriller', 'Fiction', 'Thriller', 'Mystery', 'Audiobook', 'Adventure', 'Mystery', 'Suspense', 'Action']","['Mystery', 'Thriller', 'Fiction', 'Audiobook', 'Adventure', 'Suspense', 'Action']"
52609381,"['Nonfiction', 'Language', 'Self Help', 'Psychology', 'Self Help', 'Audiobook', 'Business', 'Relationships', 'Productivity', 'Humanities']","['Nonfiction', 'Language', 'Self Help', 'Psychology', 'Audiobook', 'Business', 'Relationships', 'Productivity', 'Humanities']"
53330118,"['Nonfiction', 'Psychology', 'Self Help', 'Science', 'Audiobook', 'Health', 'Self Help', 'Health', 'Adult', 'Productivity']","['Nonfiction', 'Psychology', 'Self Help', 'Science', 'Audiobook', 'Health', 'Adult', 'Productivity']"
48904521,"['Nonfiction', 'Psychology', 'Business', 'Science', 'Leadership', 'Sociology', 'Self Help', 'Relationships', 'Philosophy', 'Language']","['Nonfiction', 'Psychology', 'Business', 'Science', 'Leadership', 'Sociology', 'Self Help', 'Relationships', 'Philosophy', 'Language']"
53568397,"['Fantasy', 'Contemporary', 'Audiobook', 'Magical Realism', 'Adult', 'Health', 'Science Fiction', 'Adult Fiction', 'Writing', 'Book Club']","['Fantasy', 'Contemporary', 'Audiobook', 'Magical Realism', 'Adult', 'Health', 'Science Fiction', 'Adult Fiction', 'Writing', 'Book Club']"
17288649,"['Design', 'Nonfiction', 'Business', 'Self Help', 'Self Help', 'Art', 'Psychology', 'Leadership', 'Education', 'Business']","['Design', 'Nonfiction', 'Business', 'Self Help', 'Art', 'Psychology', 'Leadership', 'Education']"
18693884,"['', 'Nonfiction', 'Science', 'Science', 'Psychology', 'Self Help', 'Business', 'Philosophy', 'Self Help', 'Education', 'Science']","['Nonfiction', 'Science', 'Psychology', 'Self Help', 'Business', 'Philosophy', 'Education']"
56430139,"['Science', 'Nonfiction', 'Science', 'Politics', 'Science', 'Philosophy', 'History', 'Adult', 'Environment', 'Science']","['Science', 'Nonfiction', 'Politics', 'Philosophy', 'History', 'Adult', 'Environment']"
43885052,"['Science', 'Nonfiction', 'Science', 'Humor', 'Philosophy', 'Science', 'Mathematics', 'Adult', 'Artificial Intelligence', 'Education']","['Science', 'Nonfiction', 'Humor', 'Philosophy', 'Mathematics', 'Adult', 'Artificial Intelligence', 'Education']"
38967373,"['Science', 'Nonfiction', 'History', 'Childrens', 'Childrens', 'Audiobook', 'Science', 'Childrens']","['Science', 'Nonfiction', 'History', 'Childrens', 'Audiobook']"
71730,"['Nonfiction', 'Psychology', 'Self Help', 'Language', 'Relationships', 'Self Help', 'Parenting', 'Leadership', 'Business', 'Philosophy']","['Nonfiction', 'Psychology', 'Self Help', 'Language', 'Relationships', 'Parenting', 'Leadership', 'Business', 'Philosophy']"
55794068,['Novels'],['Novels']
22504703,"['Nonfiction', 'Biography', 'Childrens', 'Autobiography', 'Science', 'Cultural', 'Academic', 'History', 'Childrens', 'Biography Memoir']","['Nonfiction', 'Biography', 'Childrens', 'Autobiography', 'Science', 'Cultural', 'Academic', 'History', 'Biography Memoir']"
24839183,"['Nonfiction', 'Biography', 'Childrens', 'Autobiography', 'Science', 'Cultural', 'Academic', 'History', 'Childrens', 'Biography Memoir']","['Nonfiction', 'Biography', 'Childrens', 'Autobiography', 'Science', 'Cultural', 'Academic', 'History', 'Biography Memoir']"
55741197,"['Novels', 'Fiction', 'Asian Literature', 'Inspirational']","['Novels', 'Fiction', 'Asian Literature', 'Inspirational']"
21463939,"['', 'Nonfiction', 'Science', 'Humor', 'Audiobook', 'Science', 'Humor', 'Science', 'Sequential Art', 'Adult', 'Reference']","['Nonfiction', 'Science', 'Humor', 'Audiobook', 'Sequential Art', 'Adult', 'Reference']"
51807232,"['Mystery', 'Fiction', 'Mystery', 'Audiobook', 'Thriller', 'Thriller', 'Mystery', 'Contemporary', 'Adult', 'European Literature']","['Mystery', 'Fiction', 'Audiobook', 'Thriller', 'Contemporary', 'Adult', 'European Literature']"
26530386,"['Science', 'Nonfiction', 'Science', 'Biology', 'History', 'Science', 'Philosophy', 'Environment', 'Audiobook', 'Science']","['Science', 'Nonfiction', 'Biology', 'History', 'Philosophy', 'Environment', 'Audiobook']"
35721140,"['Science', 'Nonfiction', 'Science', 'Audiobook', 'Science', 'Science', 'History', 'Environment', 'Science Nature', 'Science']","['Science', 'Nonfiction', 'Audiobook', 'History', 'Environment', 'Science Nature']"
18222843,"['', '', 'Science', 'Nonfiction', 'History', 'Science', 'Science', 'Science', 'Audiobook', 'Science', 'Science', 'Design']","['Science', 'Nonfiction', 'History', 'Audiobook', 'Design']"
26082916,"['Science Fiction', 'Fiction', 'Audiobook', 'Fantasy', 'Science Fiction', 'Young Adult', 'Adventure', 'Science Fiction Fantasy', 'Adult', 'Adult Fiction']","['Science Fiction', 'Fiction', 'Audiobook', 'Fantasy', 'Young Adult', 'Adventure', 'Science Fiction Fantasy', 'Adult', 'Adult Fiction']"
11786911,"['', 'Nonfiction', 'Business', 'Psychology', 'Self Help', 'Science', 'Science', 'Mathematics', 'Business', 'Computer Science', 'Science']","['Nonfiction', 'Business', 'Psychology', 'Self Help', 'Science', 'Mathematics', 'Computer Science']"
44595007,"['Nonfiction', 'Self Help', 'Psychology', 'Productivity', 'Self Help', 'Business', 'Audiobook', 'Leadership', 'Science', 'Science']","['Nonfiction', 'Self Help', 'Psychology', 'Productivity', 'Business', 'Audiobook', 'Leadership', 'Science']"
55059013,[],[]
7015403,"['Nonfiction', 'Self Help', 'Psychology', 'Self Help', 'Audiobook', 'Health', 'Spirituality', 'Inspirational', 'Health', 'Philosophy']","['Nonfiction', 'Self Help', 'Psychology', 'Audiobook', 'Health', 'Spirituality', 'Inspirational', 'Philosophy']"
43875794,"['Mystery', 'Thriller', 'Fiction', 'Mystery', 'Thriller', 'Audiobook', 'Suspense', 'Mystery', 'Business', 'Mystery']","['Mystery', 'Thriller', 'Fiction', 'Audiobook', 'Suspense', 'Business']"
38314066,"['Mystery', 'Thriller', 'Fiction', 'Mystery', 'Thriller', 'Suspense', 'Audiobook', 'Mystery', 'Mystery', 'Thriller']","['Mystery', 'Thriller', 'Fiction', 'Suspense', 'Audiobook']"
6779,"['Science', 'Science', 'Nonfiction', 'Science', 'Science', 'Writing', 'Literature', 'Textbooks', 'Philosophy', 'Education']","['Science', 'Nonfiction', 'Writing', 'Literature', 'Textbooks', 'Philosophy', 'Education']"
35167685,"['Science', 'Nonfiction', 'Biography', 'Science', 'Autobiography', 'Biography', 'Humor', 'History', 'Biography Memoir', 'Audiobook']","['Science', 'Nonfiction', 'Biography', 'Autobiography', 'Humor', 'History', 'Biography Memoir', 'Audiobook']"
5553,"['Science', 'Science', 'Nonfiction', 'Science', 'Writing', 'Science', 'Education', 'Reference', 'Classics', 'Science Nature']","['Science', 'Nonfiction', 'Writing', 'Education', 'Reference', 'Classics', 'Science Nature']"
89731,"['Young Adult', 'Historical', 'Fiction', 'Childrens', 'Realistic Fiction', 'Childrens', 'Historical', 'Family', 'Death', 'Young Adult']","['Young Adult', 'Historical', 'Fiction', 'Childrens', 'Realistic Fiction', 'Family', 'Death']"
35157278,"['Mystery', 'Thriller', 'Fiction', 'Mystery', 'Thriller', 'Audiobook', 'Suspense', 'Mystery', 'Mystery', 'Adult']","['Mystery', 'Thriller', 'Fiction', 'Audiobook', 'Suspense', 'Adult']"
530415,"['Science', 'Nonfiction', 'Science', 'Education', 'Philosophy', 'Science', 'Science', 'Self Help', 'Computer Science', 'Science']","['Science', 'Nonfiction', 'Education', 'Philosophy', 'Self Help', 'Computer Science']"
925232,"['Education', 'Nonfiction', 'Self Help', 'Productivity', 'Reference', 'Academic', 'Science', 'Academic', 'Parenting', 'Unfinished']","['Education', 'Nonfiction', 'Self Help', 'Productivity', 'Reference', 'Academic', 'Science', 'Parenting', 'Unfinished']"
6017518,"['', 'Science', 'Nonfiction', 'Science', 'Education', 'Biography', 'Autobiography', 'Teaching', 'Biography Memoir', 'Literature', 'Relationships']","['Science', 'Nonfiction', 'Education', 'Biography', 'Autobiography', 'Teaching', 'Biography Memoir', 'Literature', 'Relationships']"
184327,"['Science', 'Nonfiction', 'History', 'Health', 'Medical', 'Audiobook', 'Science', 'Health', 'Biography', 'Historical']","['Science', 'Nonfiction', 'History', 'Health', 'Medical', 'Audiobook', 'Biography', 'Historical']"
30091655,"['Nonfiction', 'History', 'Science', 'Audiobook', 'Cultural', 'Historical', 'Biography', 'Science', 'Cultural', 'History']","['Nonfiction', 'History', 'Science', 'Audiobook', 'Cultural', 'Historical', 'Biography']"
13237706,"['Science', 'Nonfiction', 'Environment', 'Animals', 'Science', 'Psychology', 'Self Help', 'Environment']","['Science', 'Nonfiction', 'Environment', 'Animals', 'Psychology', 'Self Help']"
44770129,"['Nonfiction', 'Self Help', 'Productivity', 'Self Help', 'Psychology', 'Education', 'Business', 'Audiobook', 'Science', 'Leadership']","['Nonfiction', 'Self Help', 'Productivity', 'Psychology', 'Education', 'Business', 'Audiobook', 'Science', 'Leadership']"
23719305,"['Psychology', 'Science', 'Nonfiction', 'Biology', 'Self Help', 'Science', 'Neuroscience', 'Health', 'Health', 'Philosophy']","['Psychology', 'Science', 'Nonfiction', 'Biology', 'Self Help', 'Neuroscience', 'Health', 'Philosophy']"
34330645,"['Mystery', 'Thriller', 'Fiction', 'Mystery', 'Thriller', 'Audiobook', 'Suspense', 'Adult', 'Contemporary', 'Mystery']","['Mystery', 'Thriller', 'Fiction', 'Audiobook', 'Suspense', 'Adult', 'Contemporary']"
1713426,"['', 'Economics', 'Nonfiction', 'Business', 'Science', 'Sociology', 'Self Help', 'Audiobook', 'Social Science', 'Philosophy', 'Economics']","['Economics', 'Nonfiction', 'Business', 'Science', 'Sociology', 'Self Help', 'Audiobook', 'Social Science', 'Philosophy']"
46127920,"['Mystery', 'Thriller', 'Fiction', 'Thriller', 'Suspense', 'Mystery', 'Audiobook', 'Contemporary', 'Mystery', 'Adult']","['Mystery', 'Thriller', 'Fiction', 'Suspense', 'Audiobook', 'Contemporary', 'Adult']"
9827912,"['Nonfiction', 'Psychology', 'Science', 'Biology', 'Neuroscience', 'Philosophy', 'Science', 'Audiobook', 'Self Help', 'Science']","['Nonfiction', 'Psychology', 'Science', 'Biology', 'Neuroscience', 'Philosophy', 'Audiobook', 'Self Help']"
34466963,"['Nonfiction', 'Science', 'Health', 'Psychology', 'Self Help', 'Audiobook', 'Biology', 'Self Help', 'Science', 'Health']","['Nonfiction', 'Science', 'Health', 'Psychology', 'Self Help', 'Audiobook', 'Biology']"
5470,"['', 'Classics', 'Fiction', 'Science Fiction', 'Science Fiction', 'Literature', 'Novels', 'Politics', 'Academic', 'Fantasy', 'Adult']","['Classics', 'Fiction', 'Science Fiction', 'Literature', 'Novels', 'Politics', 'Academic', 'Fantasy', 'Adult']"
40109367,"['Nonfiction', 'Leadership', 'Business', 'Self Help', 'Audiobook', 'Self Help', 'Psychology', 'Business', 'Education', 'Adult']","['Nonfiction', 'Leadership', 'Business', 'Self Help', 'Audiobook', 'Psychology', 'Education', 'Adult']"
20980987,"['Nonfiction', 'Autobiography', 'Biography', 'Audiobook', 'Self Help', 'Music', 'Art', 'Biography', 'Biography Memoir', 'Feminism']","['Nonfiction', 'Autobiography', 'Biography', 'Audiobook', 'Self Help', 'Music', 'Art', 'Biography Memoir', 'Feminism']"
41150498,"['Fiction', 'Audiobook', 'Contemporary', 'Magical Realism', 'Fantasy', 'Adult Fiction', 'Young Adult', 'Adult', 'Book Club', 'Historical']","['Fiction', 'Audiobook', 'Contemporary', 'Magical Realism', 'Fantasy', 'Adult Fiction', 'Young Adult', 'Adult', 'Book Club', 'Historical']"
39072210,"['Fiction', 'Contemporary', 'Audiobook', 'Adult', 'Adult Fiction', 'Realistic Fiction', 'Womens Fiction', 'Drama', 'Book Club', 'Mystery']","['Fiction', 'Contemporary', 'Audiobook', 'Adult', 'Adult Fiction', 'Realistic Fiction', 'Womens Fiction', 'Drama', 'Book Club', 'Mystery']"
50265329,"['Fiction', 'Romance', 'Contemporary', 'Audiobook', 'Adult', 'Historical', 'Adult Fiction', 'Northern Africa', 'Book Club', 'Family']","['Fiction', 'Romance', 'Contemporary', 'Audiobook', 'Adult', 'Historical', 'Adult Fiction', 'Northern Africa', 'Book Club', 'Family']"
16130537,"['Science Fiction', 'Fiction', 'Fantasy', 'Humor', 'Contemporary', 'Audiobook', 'Adult', 'Science Fiction', 'Novels', 'Science Fiction Fantasy']","['Science Fiction', 'Fiction', 'Fantasy', 'Humor', 'Contemporary', 'Audiobook', 'Adult', 'Novels', 'Science Fiction Fantasy']"
6419887,"['', '', 'Nonfiction', 'Cultural', 'Autobiography', 'Biography', 'Science', 'Biography Memoir', 'Eastern Africa', 'Biography', 'Inspirational', 'Academic']","['Nonfiction', 'Cultural', 'Autobiography', 'Biography', 'Science', 'Biography Memoir', 'Eastern Africa', 'Inspirational', 'Academic']"
52454426,"['Horror', 'Fiction', 'Science Fiction', 'Thriller', 'Fantasy', 'Audiobook', 'Adult', 'Fantasy', 'Mystery', 'Adult Fiction']","['Horror', 'Fiction', 'Science Fiction', 'Thriller', 'Fantasy', 'Audiobook', 'Adult', 'Mystery', 'Adult Fiction']"
6240926,"['History', 'Nonfiction', 'Religion', 'Religion', 'Politics', 'History', 'Historical', 'Audiobook', 'Cultural', 'Philosophy']","['History', 'Nonfiction', 'Religion', 'Politics', 'Historical', 'Audiobook', 'Cultural', 'Philosophy']"
35297176,"['Poetry', 'Nonfiction', 'Self Help', 'Self Help', 'Feminism', 'Audiobook', 'Inspirational', 'Health', 'Philosophy', 'Spirituality']","['Poetry', 'Nonfiction', 'Self Help', 'Feminism', 'Audiobook', 'Inspirational', 'Health', 'Philosophy', 'Spirituality']"
38532183,"['Nonfiction', 'Autobiography', 'Writing', 'Self Help', 'Audiobook', 'Biography', 'Health', 'Humor', 'Psychology', 'Self Help']","['Nonfiction', 'Autobiography', 'Writing', 'Self Help', 'Audiobook', 'Biography', 'Health', 'Humor', 'Psychology']"
22580996,"['Nonfiction', 'Environment', 'Science', 'Travel', 'Nature', 'Reference', 'Environment', 'Science', 'Travel', 'Science Nature']","['Nonfiction', 'Environment', 'Science', 'Travel', 'Nature', 'Reference', 'Science Nature']"
18635113,"['Fiction', 'Mystery', 'Contemporary', 'Mystery', 'Thriller', 'Thriller', 'Audiobook', 'Historical', 'Adult Fiction', 'Adult']","['Fiction', 'Mystery', 'Contemporary', 'Thriller', 'Audiobook', 'Historical', 'Adult Fiction', 'Adult']"
17934655,"['Nonfiction', 'Writing', 'Autobiography', 'Psychology', 'Short Stories', 'Feminism', 'Health', 'Unfinished', 'Philosophy', 'Biography']","['Nonfiction', 'Writing', 'Autobiography', 'Psychology', 'Short Stories', 'Feminism', 'Health', 'Unfinished', 'Philosophy', 'Biography']"
18490560,"['Fiction', 'Contemporary', 'Novels', 'Literary Fiction', 'Health', 'Mental Health', 'Adult', 'Literature', 'Adult Fiction', 'Psychology']","['Fiction', 'Contemporary', 'Novels', 'Literary Fiction', 'Health', 'Mental Health', 'Adult', 'Literature', 'Adult Fiction', 'Psychology']"
38926327,"['Fiction', 'Contemporary', 'Mystery', 'Science Fiction', 'Psychology', 'Literary Fiction', 'Novels', 'Adult', 'Suspense', 'Thriller']","['Fiction', 'Contemporary', 'Mystery', 'Science Fiction', 'Psychology', 'Literary Fiction', 'Novels', 'Adult', 'Suspense', 'Thriller']"
51933429,"['Mystery', 'Thriller', 'Fiction', 'Thriller', 'Audiobook', 'Adult', 'Suspense', 'Contemporary', 'Mystery', 'Adult Fiction']","['Mystery', 'Thriller', 'Fiction', 'Audiobook', 'Adult', 'Suspense', 'Contemporary', 'Adult Fiction']"
45932891,"['Mystery', 'Young Adult', 'Thriller', 'Contemporary', 'Fiction', 'Thriller', 'Audiobook', 'Romance', 'Mystery', 'Suspense']","['Mystery', 'Young Adult', 'Thriller', 'Contemporary', 'Fiction', 'Audiobook', 'Romance', 'Suspense']"
19288043,"['', '', 'Fiction', 'Mystery', 'Thriller', 'Mystery', 'Thriller', 'Suspense', 'Contemporary', 'Adult', 'Adult Fiction', 'Audiobook']","['Fiction', 'Mystery', 'Thriller', 'Suspense', 'Contemporary', 'Adult', 'Adult Fiction', 'Audiobook']"
35504431,"['Young Adult', 'Fiction', 'Contemporary', 'Health', 'Romance', 'Audiobook', 'Realistic Fiction', 'Mental Health', 'Mystery', 'Young Adult']","['Young Adult', 'Fiction', 'Contemporary', 'Health', 'Romance', 'Audiobook', 'Realistic Fiction', 'Mental Health', 'Mystery']"
32571395,"['Mystery', 'Young Adult', 'Contemporary', 'Thriller', 'Fiction', 'Thriller', 'Romance', 'Audiobook', 'Mystery', 'LGBT']","['Mystery', 'Young Adult', 'Contemporary', 'Thriller', 'Fiction', 'Romance', 'Audiobook', 'LGBT']"
40396699,"['Thriller', 'Mystery', 'Fiction', 'Thriller', 'Audiobook', 'Suspense', 'Mystery', 'Adult', 'Thriller', 'Contemporary']","['Thriller', 'Mystery', 'Fiction', 'Audiobook', 'Suspense', 'Adult', 'Contemporary']"
40859582,"['Mystery', 'Fiction', 'Mystery', 'Audiobook', 'Thriller', 'Thriller', 'Mystery', 'Adult', 'Contemporary', 'European Literature']","['Mystery', 'Fiction', 'Audiobook', 'Thriller', 'Adult', 'Contemporary', 'European Literature']"
35096850,"['Mystery', 'Fiction', 'Mystery', 'Thriller', 'Audiobook', 'Thriller', 'Mystery', 'Adult', 'Contemporary', 'Suspense']","['Mystery', 'Fiction', 'Thriller', 'Audiobook', 'Adult', 'Contemporary', 'Suspense']"
50547900,"['Fiction', 'Asian Literature', 'Novels']","['Fiction', 'Asian Literature', 'Novels']"
36393774,"['Historical', 'Fiction', 'Novels', 'Asian Literature', 'Historical', 'Family', 'Politics', 'Literature', 'Romance', 'Adult']","['Historical', 'Fiction', 'Novels', 'Asian Literature', 'Family', 'Politics', 'Literature', 'Romance', 'Adult']"
43264830,"['Nonfiction', 'Philosophy', 'Psychology', 'Self Help', 'Self Help', 'Education', 'Audiobook', 'Spirituality', 'Relationships', 'Cultural']","['Nonfiction', 'Philosophy', 'Psychology', 'Self Help', 'Education', 'Audiobook', 'Spirituality', 'Relationships', 'Cultural']"
51200095,"['', 'Sequential Art', 'Autobiography', 'Nonfiction', 'Sequential Art', 'Romance', 'Humor', 'Adult', 'Contemporary', 'Religion', 'Religion']","['Sequential Art', 'Autobiography', 'Nonfiction', 'Romance', 'Humor', 'Adult', 'Contemporary', 'Religion']"
84699,"['Business', 'Nonfiction', 'Self Help', 'Self Help', 'Leadership', 'Psychology', 'Relationships', 'Language', 'Buisness', 'Business']","['Business', 'Nonfiction', 'Self Help', 'Leadership', 'Psychology', 'Relationships', 'Language', 'Buisness']"
2420301,"['Business', 'Nonfiction', 'Design', 'Language', 'Business', 'Self Help', 'Productivity', 'Buisness', 'Self Help', 'Business']","['Business', 'Nonfiction', 'Design', 'Language', 'Self Help', 'Productivity', 'Buisness']"
40180021,"['Economics', 'Nonfiction', 'Business', 'Economics', 'Science', 'Politics', 'Academic', 'Social Science', 'Currency', 'Psychology']","['Economics', 'Nonfiction', 'Business', 'Science', 'Politics', 'Academic', 'Social Science', 'Currency', 'Psychology']"
50883325,"['Nonfiction', 'Romance', 'Short Stories', 'Writing', 'Anthologies', 'Autobiography', 'Contemporary', 'Audiobook', 'Relationships', 'Adult']","['Nonfiction', 'Romance', 'Short Stories', 'Writing', 'Anthologies', 'Autobiography', 'Contemporary', 'Audiobook', 'Relationships', 'Adult']"
245344,"['Science', 'Nonfiction', 'Science', 'Architecture', 'Science', 'Design', 'Science', 'Business', 'Education', 'Science']","['Science', 'Nonfiction', 'Architecture', 'Design', 'Business', 'Education']"
25666050,"['Nonfiction', 'Science', 'Psychology', 'Science', 'Science', 'Self Help', 'Business', 'Computer Science', 'Philosophy', 'Audiobook']","['Nonfiction', 'Science', 'Psychology', 'Self Help', 'Business', 'Computer Science', 'Philosophy', 'Audiobook']"
40922689,"['Fiction', 'Contemporary', 'Romance', 'Literary Fiction', 'Audiobook', 'Cultural', 'Adult', 'Novels', 'Adult Fiction', 'European Literature']","['Fiction', 'Contemporary', 'Romance', 'Literary Fiction', 'Audiobook', 'Cultural', 'Adult', 'Novels', 'Adult Fiction', 'European Literature']"
35381379,"['Fiction', 'Fantasy', 'Historical', 'Science Fiction', 'Science Fiction', 'Romance', 'Audiobook', 'Historical', 'Contemporary', 'Adult']","['Fiction', 'Fantasy', 'Historical', 'Science Fiction', 'Romance', 'Audiobook', 'Contemporary', 'Adult']"
18373,"['', 'Fiction', 'Classics', 'Science Fiction', 'Young Adult', 'Literature', 'Psychology', 'Academic', 'Novels', 'Adult', 'Academic']","['Fiction', 'Classics', 'Science Fiction', 'Young Adult', 'Literature', 'Psychology', 'Academic', 'Novels', 'Adult']"
17931417,"['', '', 'Fiction', 'Romance', 'Contemporary', 'Humor', 'Womens Fiction', 'Adult', 'Audiobook', 'Adult Fiction', 'Book Club', 'Cultural']","['Fiction', 'Romance', 'Contemporary', 'Humor', 'Womens Fiction', 'Adult', 'Audiobook', 'Adult Fiction', 'Book Club', 'Cultural']"
41940388,"['Science Fiction', 'Fiction', 'Science Fiction', 'Novella', 'Adult', 'Audiobook', 'Short Stories', 'Thriller', 'Speculative Fiction', 'Adult Fiction']","['Science Fiction', 'Fiction', 'Novella', 'Adult', 'Audiobook', 'Short Stories', 'Thriller', 'Speculative Fiction', 'Adult Fiction']"
37570605,"['Business', 'Nonfiction', 'Business', 'Self Help', 'Buisness', 'Business', 'Leadership', 'Self Help', 'Currency', 'Economics']","['Business', 'Nonfiction', 'Self Help', 'Buisness', 'Leadership', 'Currency', 'Economics']"
41795733,"['Nonfiction', 'Business', 'Psychology', 'Self Help', 'Science', 'Self Help', 'Audiobook', 'Education', 'Leadership', 'Productivity']","['Nonfiction', 'Business', 'Psychology', 'Self Help', 'Science', 'Audiobook', 'Education', 'Leadership', 'Productivity']"
3450744,"['Nonfiction', 'Psychology', 'Economics', 'Business', 'Self Help', 'Science', 'Politics', 'Self Help', 'Sociology', 'Social Science']","['Nonfiction', 'Psychology', 'Economics', 'Business', 'Self Help', 'Science', 'Politics', 'Sociology', 'Social Science']"
23211076,"['', 'Fantasy', 'Fiction', 'Young Adult', 'Fantasy', 'Adult', 'Audiobook', 'Adventure', 'Historical', 'Fantasy', 'Young Adult']","['Fantasy', 'Fiction', 'Young Adult', 'Adult', 'Audiobook', 'Adventure', 'Historical']"
40644351,"['Young Adult', 'Romance', 'Contemporary', 'Realistic Fiction', 'Fiction', 'Young Adult', 'Audiobook', 'Death', 'Romance', 'Womens Fiction']","['Young Adult', 'Romance', 'Contemporary', 'Realistic Fiction', 'Fiction', 'Audiobook', 'Death', 'Womens Fiction']"
35820001,"['Contemporary', 'Young Adult', 'Fiction', 'Realistic Fiction', 'Young Adult', 'Romance', 'Travel', 'Adventure', 'Young Adult', 'Environment']","['Contemporary', 'Young Adult', 'Fiction', 'Realistic Fiction', 'Romance', 'Travel', 'Adventure', 'Environment']"
13423340,"['Romance', 'Fiction', 'Novels', 'Asian Literature', 'Adult', 'Romance', 'Contemporary', 'Womens Fiction', 'Love', 'Family']","['Romance', 'Fiction', 'Novels', 'Asian Literature', 'Adult', 'Contemporary', 'Womens Fiction', 'Love', 'Family']"
29550728,"['Education', 'Nonfiction', 'Teaching', 'Politics', 'Travel', 'Sociology', 'Academic', 'Economics', 'Anthropology', 'Business']","['Education', 'Nonfiction', 'Teaching', 'Politics', 'Travel', 'Sociology', 'Academic', 'Economics', 'Anthropology', 'Business']"
3573143,"['Romance', 'Fiction', 'Novels', 'Asian Literature', 'Adult', 'Womens Fiction', 'Romance', 'Contemporary', 'Love', 'Family']","['Romance', 'Fiction', 'Novels', 'Asian Literature', 'Adult', 'Womens Fiction', 'Contemporary', 'Love', 'Family']"
24358259,"['Young Adult', 'Contemporary', 'Romance', 'Fiction', 'Health', 'Womens Fiction', 'Audiobook', 'Mental Health', 'Realistic Fiction', 'Young Adult']","['Young Adult', 'Contemporary', 'Romance', 'Fiction', 'Health', 'Womens Fiction', 'Audiobook', 'Mental Health', 'Realistic Fiction']"
42731452,"['Young Adult', 'Contemporary', 'Romance', 'Fiction', 'Realistic Fiction', 'Young Adult', 'Audiobook', 'Historical', 'Young Adult', 'Young Adult']","['Young Adult', 'Contemporary', 'Romance', 'Fiction', 'Realistic Fiction', 'Audiobook', 'Historical']"
40065177,"['Young Adult', 'Romance', 'Contemporary', 'Fiction', 'Realistic Fiction', 'Young Adult', 'Audiobook', 'Young Adult', 'Young Adult', 'Romance']","['Young Adult', 'Romance', 'Contemporary', 'Fiction', 'Realistic Fiction', 'Audiobook']"
15745753,"['', '', 'Young Adult', 'Romance', 'Contemporary', 'Fiction', 'Realistic Fiction', 'Audiobook', 'Young Adult', 'Young Adult', 'Young Adult', 'Young Adult']","['Young Adult', 'Romance', 'Contemporary', 'Fiction', 'Realistic Fiction', 'Audiobook']"
38943218,"['Young Adult', 'Contemporary', 'Romance', 'Fiction', 'Audiobook', 'Realistic Fiction', 'Young Adult', 'Historical', 'Young Adult', 'Young Adult']","['Young Adult', 'Contemporary', 'Romance', 'Fiction', 'Audiobook', 'Realistic Fiction', 'Historical']"
43722897,"['Nonfiction', 'Science', 'Science', 'Business', 'Economics', 'Science', 'Artificial Intelligence', 'Computer Science', 'Psychology', 'Academic']","['Nonfiction', 'Science', 'Business', 'Economics', 'Artificial Intelligence', 'Computer Science', 'Psychology', 'Academic']"
41941223,"['Science Fiction', 'Fiction', 'Thriller', 'Science Fiction', 'Audiobook', 'Mystery', 'Adult', 'Thriller', 'Fantasy', 'Science Fiction Fantasy']","['Science Fiction', 'Fiction', 'Thriller', 'Audiobook', 'Mystery', 'Adult', 'Fantasy', 'Science Fiction Fantasy']"
45697427,"['Science Fiction', 'Mystery', 'Audiobook', 'Thriller', 'Adult', 'Fantasy', 'Science Fiction Fantasy', 'Suspense', 'Adult Fiction', 'Thriller']","['Science Fiction', 'Mystery', 'Audiobook', 'Thriller', 'Adult', 'Fantasy', 'Science Fiction Fantasy', 'Suspense', 'Adult Fiction']"
42734244,"['Nonfiction', 'Business', 'Self Help', 'Psychology', 'Leadership', 'Self Help', 'Business', 'Adult', 'Health', 'Language']","['Nonfiction', 'Business', 'Self Help', 'Psychology', 'Leadership', 'Adult', 'Health', 'Language']"
35755160,"['Science', 'Nonfiction']","['Science', 'Nonfiction']"
41088582,"['Fiction', 'Science Fiction', 'Science Fiction', 'Apocalyptic', 'Audiobook', 'Adult', 'Fantasy', 'Science Fiction', 'Adventure', 'Adult Fiction']","['Fiction', 'Science Fiction', 'Apocalyptic', 'Audiobook', 'Adult', 'Fantasy', 'Adventure', 'Adult Fiction']"
43263225,"['Science Fiction', 'Fiction', 'Science Fiction Fantasy', 'Science Fiction', 'Cultural', 'Fantasy', 'Audiobook', 'Novels', 'Apocalyptic', 'Science Fiction']","['Science Fiction', 'Fiction', 'Science Fiction Fantasy', 'Cultural', 'Fantasy', 'Audiobook', 'Novels', 'Apocalyptic']"
20424928,"['Science Fiction', 'Fiction', 'Science Fiction', 'Thriller', 'Science Fiction Fantasy', 'Science Fiction', 'Science Fiction', 'Audiobook', 'Fantasy', 'Speculative Fiction']","['Science Fiction', 'Fiction', 'Thriller', 'Science Fiction Fantasy', 'Audiobook', 'Fantasy', 'Speculative Fiction']"
24968626,"['Science Fiction', 'Fiction', 'Science Fiction', 'Audiobook', 'Artificial Intelligence', 'Science Fiction Fantasy', 'Suspense', 'Fantasy', 'Action', 'Science Fiction']","['Science Fiction', 'Fiction', 'Audiobook', 'Artificial Intelligence', 'Science Fiction Fantasy', 'Suspense', 'Fantasy', 'Action']"
18666062,"['Science Fiction', 'Fiction', 'Science Fiction', 'Thriller', 'Science Fiction', 'Science Fiction Fantasy', 'Audiobook', 'Fantasy', 'Speculative Fiction', 'Science']","['Science Fiction', 'Fiction', 'Thriller', 'Science Fiction Fantasy', 'Audiobook', 'Fantasy', 'Speculative Fiction', 'Science']"
25372801,"['Fantasy', 'Science Fiction', 'Fiction', 'Magical Realism', 'Fantasy', 'Fantasy', 'Science Fiction Fantasy', 'Adult', 'Romance', 'Speculative Fiction']","['Fantasy', 'Science Fiction', 'Fiction', 'Magical Realism', 'Science Fiction Fantasy', 'Adult', 'Romance', 'Speculative Fiction']"
34890015,"['', '', 'Nonfiction', 'Science', 'Psychology', 'Economics', 'History', 'Politics', 'Business', 'Self Help', 'Sociology', 'Philosophy']","['Nonfiction', 'Science', 'Psychology', 'Economics', 'History', 'Politics', 'Business', 'Self Help', 'Sociology', 'Philosophy']"
816,"['Fiction', 'Science Fiction', 'Historical', 'Science Fiction', 'Thriller', 'Historical', 'War', 'Science Fiction Fantasy', 'Fantasy', 'Novels']","['Fiction', 'Science Fiction', 'Historical', 'Thriller', 'War', 'Science Fiction Fantasy', 'Fantasy', 'Novels']"
40363555,"['Nonfiction', 'History', 'Science', 'Biography', 'Feminism', 'Space', 'Historical', 'Womens', 'Audiobook', 'North American Hi...']","['Nonfiction', 'History', 'Science', 'Biography', 'Feminism', 'Space', 'Historical', 'Womens', 'Audiobook', 'North American Hi...']"
16043549,"['Psychology', 'Nonfiction', 'Business', 'Self Help', 'Science', 'Leadership', 'Self Help', 'Design', 'Productivity', 'Economics']","['Psychology', 'Nonfiction', 'Business', 'Self Help', 'Science', 'Leadership', 'Design', 'Productivity', 'Economics']"
40079905,"['Science Fiction', 'Young Adult', 'Space', 'Science Fiction', 'Audiobook', 'Fiction', 'Science Fiction', 'Fantasy', 'Romance', 'Young Adult']","['Science Fiction', 'Young Adult', 'Space', 'Audiobook', 'Fiction', 'Fantasy', 'Romance']"
30628062,"['Contemporary', 'Young Adult', 'LGBT', 'Fiction', 'LGBT', 'Audiobook', 'Health', 'Young Adult', 'Romance', 'LGBT']","['Contemporary', 'Young Adult', 'LGBT', 'Fiction', 'Audiobook', 'Health', 'Romance']"
13588356,"['Nonfiction', 'Self Help', 'Psychology', 'Self Help', 'Audiobook', 'Leadership', 'Parenting', 'Business', 'Health', 'Relationships']","['Nonfiction', 'Self Help', 'Psychology', 'Audiobook', 'Leadership', 'Parenting', 'Business', 'Health', 'Relationships']"
46025082,"['Fantasy', 'Young Adult', 'Fantasy', 'Fiction', 'Childrens', 'Adventure', 'Mythology', 'Childrens', 'Fantasy', 'Fantasy']","['Fantasy', 'Young Adult', 'Fiction', 'Childrens', 'Adventure', 'Mythology']"
46025071,"['Fantasy', 'Young Adult', 'Fantasy', 'Fiction', 'Childrens', 'Adventure', 'Mythology', 'Childrens', 'Fantasy', 'Fantasy']","['Fantasy', 'Young Adult', 'Fiction', 'Childrens', 'Adventure', 'Mythology']"
46025057,"['Fantasy', 'Young Adult', 'Fantasy', 'Fiction', 'Childrens', 'Adventure', 'Mythology', 'Childrens', 'Fantasy', 'Fantasy']","['Fantasy', 'Young Adult', 'Fiction', 'Childrens', 'Adventure', 'Mythology']"
25201920,"['Science Fiction', 'Fiction', 'LGBT', 'Space', 'LGBT', 'Fantasy', 'Adult', 'Space', 'Audiobook', 'Science Fiction Fantasy']","['Science Fiction', 'Fiction', 'LGBT', 'Space', 'Fantasy', 'Adult', 'Audiobook', 'Science Fiction Fantasy']"
39353738,"['Science Fiction', 'Young Adult', 'Fantasy', 'Fiction', 'Audiobook', 'Space', 'Science Fiction', 'Adventure', 'Science Fiction', 'Science Fiction Fantasy']","['Science Fiction', 'Young Adult', 'Fantasy', 'Fiction', 'Audiobook', 'Space', 'Adventure', 'Science Fiction Fantasy']"
56829,"['Nonfiction', 'History', 'Science', 'Science', 'Computer Science', 'Science', 'Computer Science', 'Biography', 'Computers', 'Business']","['Nonfiction', 'History', 'Science', 'Computer Science', 'Biography', 'Computers', 'Business']"
39863447,"['Business', 'Nonfiction', 'Leadership', 'Science', 'Psychology', 'Self Help', 'Business', 'History', 'Science', 'Business']","['Business', 'Nonfiction', 'Leadership', 'Science', 'Psychology', 'Self Help', 'History']"
23399024,"['Nonfiction', 'Self Help', 'Productivity', 'Self Help', 'Business', 'Parenting', 'Audiobook', 'Womens', 'Buisness', 'Feminism']","['Nonfiction', 'Self Help', 'Productivity', 'Business', 'Parenting', 'Audiobook', 'Womens', 'Buisness', 'Feminism']"
41735536,"['Business', 'Nonfiction']","['Business', 'Nonfiction']"
15890207,['Design'],['Design']
34213247,"['Science', 'Nonfiction', 'Computer Science', 'Business', 'Science', 'Science', 'Science', 'Artificial Intelligence', 'Computer Science']","['Science', 'Nonfiction', 'Computer Science', 'Business', 'Artificial Intelligence']"
21480734,"['Nonfiction', 'Science', 'Psychology', 'Sociology', 'Science', 'Business', 'Audiobook', 'Social Science', 'Science', 'Relationships']","['Nonfiction', 'Science', 'Psychology', 'Sociology', 'Business', 'Audiobook', 'Social Science', 'Relationships']"
15824361,"['Business', 'Science', 'Nonfiction', 'Business', 'Science', 'Science', 'Mathematics', 'Leadership', 'Economics', 'Academic']","['Business', 'Science', 'Nonfiction', 'Mathematics', 'Leadership', 'Economics', 'Academic']"
976,"['Fiction', 'Thriller', 'Mystery', 'Suspense', 'Thriller', 'Adventure', 'Mystery', 'Science Fiction', 'Novels', 'Action']","['Fiction', 'Thriller', 'Mystery', 'Suspense', 'Adventure', 'Science Fiction', 'Novels', 'Action']"
39294666,"['Nonfiction', 'Feminism', 'History', 'Biography', 'Historical', 'Politics', 'Womens', 'Audiobook', 'Reference', 'European Literature']","['Nonfiction', 'Feminism', 'History', 'Biography', 'Historical', 'Politics', 'Womens', 'Audiobook', 'Reference', 'European Literature']"
36491465,"['', 'Science Fiction', 'Young Adult', 'Science Fiction', 'Space', 'Romance', 'Fiction', 'Fantasy', 'Audiobook', 'Young Adult', 'Science Fiction Fantasy']","['Science Fiction', 'Young Adult', 'Space', 'Romance', 'Fiction', 'Fantasy', 'Audiobook', 'Science Fiction Fantasy']"
4865,"['Nonfiction', 'Self Help', 'Business', 'Psychology', 'Self Help', 'Leadership', 'Classics', 'Language', 'Audiobook', 'Relationships']","['Nonfiction', 'Self Help', 'Business', 'Psychology', 'Leadership', 'Classics', 'Language', 'Audiobook', 'Relationships']"
42776244,"['Business', 'Business', 'Leadership', 'Nonfiction', 'Self Help', 'Design', 'Self Help', 'Audiobook', 'Buisness', 'Productivity']","['Business', 'Leadership', 'Nonfiction', 'Self Help', 'Design', 'Audiobook', 'Buisness', 'Productivity']"
38745806,"['', '', 'Nonfiction', 'Autobiography', 'Biography', 'Audiobook', 'Biography', 'Politics', 'Biography Memoir', 'Feminism', 'History', 'Adult']","['Nonfiction', 'Autobiography', 'Biography', 'Audiobook', 'Politics', 'Biography Memoir', 'Feminism', 'History', 'Adult']"
44156290,"['Fiction', 'Novels', 'Asian Literature', 'Drama', 'Literature', 'Humor', 'Fantasy', 'Humor', 'Literature']","['Fiction', 'Novels', 'Asian Literature', 'Drama', 'Literature', 'Humor', 'Fantasy']"
2429135,"['', '', 'Fiction', 'Mystery', 'Thriller', 'Mystery', 'Thriller', 'Suspense', 'Contemporary', 'Adult', 'Adult Fiction', 'Novels']","['Fiction', 'Mystery', 'Thriller', 'Suspense', 'Contemporary', 'Adult', 'Adult Fiction', 'Novels']"
39380381,"['Nonfiction', 'Language', 'Self Help', 'Psychology', 'Relationships', 'Self Help', 'Audiobook', 'Spirituality', 'Leadership', 'Health']","['Nonfiction', 'Language', 'Self Help', 'Psychology', 'Relationships', 'Audiobook', 'Spirituality', 'Leadership', 'Health']"
18693669,"['Nonfiction', 'Psychology', 'Self Help', 'Science', 'Productivity', 'Business', 'Self Help', 'Biology', 'Audiobook', 'Neuroscience']","['Nonfiction', 'Psychology', 'Self Help', 'Science', 'Productivity', 'Business', 'Biology', 'Audiobook', 'Neuroscience']"
12000020,"['Young Adult', 'LGBT', 'Contemporary', 'Romance', 'Fiction', 'LGBT', 'Audiobook', 'Young Adult', 'Realistic Fiction', 'LGBT']","['Young Adult', 'LGBT', 'Contemporary', 'Romance', 'Fiction', 'Audiobook', 'Realistic Fiction']"
30317414,"['Nonfiction', 'Psychology', 'Science', 'Self Help', 'Audiobook', 'Relationships', 'Sociology', 'Self Help', 'Social Science', 'Social']","['Nonfiction', 'Psychology', 'Science', 'Self Help', 'Audiobook', 'Relationships', 'Sociology', 'Social Science', 'Social']"
34928122,"['', 'Science Fiction', 'Fiction', 'Audiobook', 'Space', 'Science Fiction Fantasy', 'Adult', 'Fantasy', 'Thriller', 'Adventure', 'Mystery']","['Science Fiction', 'Fiction', 'Audiobook', 'Space', 'Science Fiction Fantasy', 'Adult', 'Fantasy', 'Thriller', 'Adventure', 'Mystery']"
16158512,"['Psychology', 'Nonfiction', 'Self Help', 'Health', 'Self Help', 'Health', 'Relationships', 'Science', 'Audiobook', 'Education']","['Psychology', 'Nonfiction', 'Self Help', 'Health', 'Relationships', 'Science', 'Audiobook', 'Education']"
42271299,"['Fantasy', 'Young Adult', 'Fantasy', 'Fiction', 'Short Stories', 'Fantasy', 'Fantasy', 'Audiobook', 'Adventure', 'Young Adult']","['Fantasy', 'Young Adult', 'Fiction', 'Short Stories', 'Audiobook', 'Adventure']"
36382991,"['Fantasy', 'Childrens', 'Fiction', 'Historical', 'Childrens', 'Magical Realism', 'Adventure', 'Novels', 'Young Adult', 'Academic']","['Fantasy', 'Childrens', 'Fiction', 'Historical', 'Magical Realism', 'Adventure', 'Novels', 'Young Adult', 'Academic']"
25733983,"['Nonfiction', 'Science', 'Autobiography', 'Biography', 'Audiobook', 'Environment', 'Biography Memoir', 'Biography', 'Science', 'Adult']","['Nonfiction', 'Science', 'Autobiography', 'Biography', 'Audiobook', 'Environment', 'Biography Memoir', 'Adult']"
35412097,"['Nonfiction', 'Psychology', 'Science', 'Self Help', 'Business', 'Productivity', 'Self Help', 'Audiobook', 'Leadership', 'Business']","['Nonfiction', 'Psychology', 'Science', 'Self Help', 'Business', 'Productivity', 'Audiobook', 'Leadership']"
18170549,"['Nonfiction', 'Short Stories', 'Writing', 'Autobiography', 'Contemporary', 'Biography', 'Audiobook', 'Adult', 'Biography Memoir', 'Biography']","['Nonfiction', 'Short Stories', 'Writing', 'Autobiography', 'Contemporary', 'Biography', 'Audiobook', 'Adult', 'Biography Memoir']"
28820444,"['Psychology', 'Nonfiction', 'Science', 'Self Help', 'Philosophy', 'Economics', 'Audiobook', 'Sociology', 'Business', 'Neuroscience']","['Psychology', 'Nonfiction', 'Science', 'Self Help', 'Philosophy', 'Economics', 'Audiobook', 'Sociology', 'Business', 'Neuroscience']"
34838652,"['Novels', 'Romance', 'Fiction', 'Asian Literature']","['Novels', 'Romance', 'Fiction', 'Asian Literature']"
11468377,"['Nonfiction', 'Psychology', 'Science', 'Self Help', 'Business', 'Economics', 'Self Help', 'Philosophy', 'Audiobook', 'Unfinished']","['Nonfiction', 'Psychology', 'Science', 'Self Help', 'Business', 'Economics', 'Philosophy', 'Audiobook', 'Unfinished']"
39643727,"['Fiction', 'Novels', 'Action', 'Asian Literature', 'Romance', 'Fantasy', 'Thriller', 'Family', 'Adventure']","['Fiction', 'Novels', 'Action', 'Asian Literature', 'Romance', 'Fantasy', 'Thriller', 'Family', 'Adventure']"
17986418,"['Nonfiction', 'Science', 'Business', 'Science', 'Economics', 'Audiobook', 'Science', 'Education', 'Science', 'Academic']","['Nonfiction', 'Science', 'Business', 'Economics', 'Audiobook', 'Education', 'Academic']"
31409135,"['Nonfiction', 'History', 'Science', 'Audiobook', 'Biography', 'Historical', 'Feminism', 'Adult', 'Womens', 'North American Hi...']","['Nonfiction', 'History', 'Science', 'Audiobook', 'Biography', 'Historical', 'Feminism', 'Adult', 'Womens', 'North American Hi...']"
35133922,"['Nonfiction', 'Autobiography', 'Biography', 'Audiobook', 'Biography Memoir', 'Biography', 'Education', 'Book Club', 'Adult', 'Religion']","['Nonfiction', 'Autobiography', 'Biography', 'Audiobook', 'Biography Memoir', 'Education', 'Book Club', 'Adult', 'Religion']"
25614523,"['Nonfiction', 'Business', 'Psychology', 'Self Help', 'Leadership', 'Self Help', 'Audiobook', 'Business', 'Science', 'Business']","['Nonfiction', 'Business', 'Psychology', 'Self Help', 'Leadership', 'Audiobook', 'Science']"
31706504,"['Nonfiction', 'Self Help', 'Psychology', 'Business', 'Self Help', 'Science', 'Productivity', 'Audiobook', 'Leadership', 'Philosophy']","['Nonfiction', 'Self Help', 'Psychology', 'Business', 'Science', 'Productivity', 'Audiobook', 'Leadership', 'Philosophy']"
16033602,"['Business', 'Nonfiction', 'Business', 'Business', 'Science', 'Design', 'Buisness', 'Leadership', 'Reference', 'Productivity']","['Business', 'Nonfiction', 'Science', 'Design', 'Buisness', 'Leadership', 'Reference', 'Productivity']"
22889767,"['Nonfiction', 'Self Help', 'Psychology', 'Self Help', 'Audiobook', 'Productivity', 'Health', 'Business', 'Autobiography', 'Adult']","['Nonfiction', 'Self Help', 'Psychology', 'Audiobook', 'Productivity', 'Health', 'Business', 'Autobiography', 'Adult']"
25744928,"['', '', 'Nonfiction', 'Self Help', 'Productivity', 'Business', 'Psychology', 'Self Help', 'Audiobook', 'Leadership', 'Business', 'Philosophy']","['Nonfiction', 'Self Help', 'Productivity', 'Business', 'Psychology', 'Audiobook', 'Leadership', 'Philosophy']"
30231806,"['Nonfiction', 'Self Help', 'Audiobook', 'Philosophy', 'Cultural', 'Psychology', 'Self Help', 'Asian Literature', 'Autobiography', 'Adult']","['Nonfiction', 'Self Help', 'Audiobook', 'Philosophy', 'Cultural', 'Psychology', 'Asian Literature', 'Autobiography', 'Adult']"
1353409,"['', 'Fiction', 'Historical', 'Magical Realism', 'Cultural', 'Asian Literature', 'Novels', 'Historical', 'Literature', 'Literature', 'Literary Fiction']","['Fiction', 'Historical', 'Magical Realism', 'Cultural', 'Asian Literature', 'Novels', 'Literature', 'Literary Fiction']"
23288914,"['Novels', 'Fiction', 'Romance', 'Asian Literature', 'Historical', 'Family', 'Contemporary', 'Literature', 'Inspirational', 'Historical']","['Novels', 'Fiction', 'Romance', 'Asian Literature', 'Historical', 'Family', 'Contemporary', 'Literature', 'Inspirational']"
37830526,"['Fantasy', 'Fiction', 'Novels', 'Asian Literature', 'Romance', 'Adventure', 'Mystery', 'Adult', 'Magical Realism', 'Literature']","['Fantasy', 'Fiction', 'Novels', 'Asian Literature', 'Romance', 'Adventure', 'Mystery', 'Adult', 'Magical Realism', 'Literature']"
36013261,"['Novels', 'Asian Literature', 'Fiction', 'Romance', 'Drama', 'Humor']","['Novels', 'Asian Literature', 'Fiction', 'Romance', 'Drama', 'Humor']"
30199656,"['Young Adult', 'Contemporary', 'Romance', 'Fiction', 'Realistic Fiction', 'Young Adult', 'Audiobook', 'Health', 'Young Adult', 'Young Adult']","['Young Adult', 'Contemporary', 'Romance', 'Fiction', 'Realistic Fiction', 'Audiobook', 'Health']"
25899336,"['Nonfiction', 'Autobiography', 'Biography', 'Health', 'Medical', 'Audiobook', 'Biography', 'Biography Memoir', 'Philosophy', 'Science']","['Nonfiction', 'Autobiography', 'Biography', 'Health', 'Medical', 'Audiobook', 'Biography Memoir', 'Philosophy', 'Science']"
6398634,"['', 'Nonfiction', 'Self Help', 'Autobiography', 'Psychology', 'Self Help', 'Audiobook', 'Inspirational', 'Biography', 'Adult', 'Book Club']","['Nonfiction', 'Self Help', 'Autobiography', 'Psychology', 'Audiobook', 'Inspirational', 'Biography', 'Adult', 'Book Club']"
21489238,['Nonfiction'],['Nonfiction']
23351540,[],[]
22609800,"['', '', 'Magical Realism', 'Fiction', 'Fantasy', 'Romance', 'Womens Fiction', 'Contemporary', 'Fantasy', 'Adult', 'Adult Fiction', 'American']","['Magical Realism', 'Fiction', 'Fantasy', 'Romance', 'Womens Fiction', 'Contemporary', 'Adult', 'Adult Fiction', 'American']"
23252584,"['Fiction', 'Fantasy', 'Asian Literature', 'Novels', 'Science Fiction', 'Adventure', 'Adult', 'Mystery', 'Fantasy', 'Romance']","['Fiction', 'Fantasy', 'Asian Literature', 'Novels', 'Science Fiction', 'Adventure', 'Adult', 'Mystery', 'Romance']"
13582635,[],[]
1421046,"['Fiction', 'Novels', 'Asian Literature', 'Fantasy', 'Science Fiction', 'Romance', 'Literature', 'Philosophy', 'Adult', 'Mystery']","['Fiction', 'Novels', 'Asian Literature', 'Fantasy', 'Science Fiction', 'Romance', 'Literature', 'Philosophy', 'Adult', 'Mystery']"
1300350,"['Fiction', 'Asian Literature', 'Novels', 'Fantasy', 'Science Fiction', 'Literature', 'Romance', 'Adventure', 'Adult', 'Philosophy']","['Fiction', 'Asian Literature', 'Novels', 'Fantasy', 'Science Fiction', 'Literature', 'Romance', 'Adventure', 'Adult', 'Philosophy']"
16051011,[],[]
3592786,['Novels'],['Novels']
11971554,['Novels'],['Novels']
18214414,"['Mystery', 'Fiction', 'Mystery', 'Thriller', 'Audiobook', 'Thriller', 'Mystery', 'Adult', 'Contemporary', 'Adult Fiction']","['Mystery', 'Fiction', 'Thriller', 'Audiobook', 'Adult', 'Contemporary', 'Adult Fiction']"
16160797,"['Mystery', 'Fiction', 'Mystery', 'Thriller', 'Thriller', 'Audiobook', 'Adult', 'Contemporary', 'Mystery', 'Adult Fiction']","['Mystery', 'Fiction', 'Thriller', 'Audiobook', 'Adult', 'Contemporary', 'Adult Fiction']"
7861169,"['Novels', 'Fiction', 'Romance', 'Religion', 'Asian Literature', 'Realistic Fiction', 'Spirituality', 'Religion']","['Novels', 'Fiction', 'Romance', 'Religion', 'Asian Literature', 'Realistic Fiction', 'Spirituality']"
9823976,"['Biography', 'Nonfiction', 'Romance', 'Asian Literature', 'True Story', 'Love', 'Autobiography', 'Inspirational', 'Biography', 'Family']","['Biography', 'Nonfiction', 'Romance', 'Asian Literature', 'True Story', 'Love', 'Autobiography', 'Inspirational', 'Family']"
8460546,"['Novels', 'Fiction', 'Asian Literature', 'Romance', 'Literature', 'Drama', 'Humor', 'Humor', 'Literature', 'Realistic Fiction']","['Novels', 'Fiction', 'Asian Literature', 'Romance', 'Literature', 'Drama', 'Humor', 'Realistic Fiction']"
7948706,"['Novels', 'Religion', 'Asian Literature', 'Fiction', 'Religion', 'Historical', 'Fantasy', 'Spirituality', 'Adventure', 'Unfinished']","['Novels', 'Religion', 'Asian Literature', 'Fiction', 'Historical', 'Fantasy', 'Spirituality', 'Adventure', 'Unfinished']"
10135719,"['Novels', 'Fiction', 'Asian Literature', 'Inspirational', 'Religion', 'Romance', 'Religion', 'Realistic Fiction', 'True Story', 'Contemporary']","['Novels', 'Fiction', 'Asian Literature', 'Inspirational', 'Religion', 'Romance', 'Realistic Fiction', 'True Story', 'Contemporary']"
3971237,"['Novels', 'Fiction', 'Asian Literature', 'Family', 'Romance', 'Drama', 'Love', 'Adult', 'Literature', 'Inspirational']","['Novels', 'Fiction', 'Asian Literature', 'Family', 'Romance', 'Drama', 'Love', 'Adult', 'Literature', 'Inspirational']"
16164417,['Fiction'],['Fiction']
7886626,"['Asian Literature', 'Fiction', 'Novels', 'Romance']","['Asian Literature', 'Fiction', 'Novels', 'Romance']"
18634848,"['Romance', 'Novels', 'Asian Literature', 'Fiction', 'Young Adult', 'Travel', 'Literature', 'Adventure']","['Romance', 'Novels', 'Asian Literature', 'Fiction', 'Young Adult', 'Travel', 'Literature', 'Adventure']"
1499340,"['Novels', 'Asian Literature', 'Fiction', 'Adventure', 'Romance', 'Travel', 'Young Adult', 'Drama', 'Contemporary', 'Inspirational']","['Novels', 'Asian Literature', 'Fiction', 'Adventure', 'Romance', 'Travel', 'Young Adult', 'Drama', 'Contemporary', 'Inspirational']"
1464757,"['Novels', 'Fiction', 'Asian Literature', 'Adventure', 'Young Adult', 'Romance', 'Travel', 'Drama', 'Inspirational', 'Literature']","['Novels', 'Fiction', 'Asian Literature', 'Adventure', 'Young Adult', 'Romance', 'Travel', 'Drama', 'Inspirational', 'Literature']"
6688121,"['', '', 'Novels', 'Fiction', 'Asian Literature', 'Religion', 'Inspirational', 'Religion', 'Drama', 'Unfinished', 'Adventure', 'True Story']","['Novels', 'Fiction', 'Asian Literature', 'Religion', 'Inspirational', 'Drama', 'Unfinished', 'Adventure', 'True Story']"
6379405,"['Novels', 'Fiction', 'Travel', 'Asian Literature', 'Romance', 'Adventure', 'Humor', 'Humor', 'Young Adult', 'Inspirational']","['Novels', 'Fiction', 'Travel', 'Asian Literature', 'Romance', 'Adventure', 'Humor', 'Young Adult', 'Inspirational']"
6765740,"['Romance', 'Novels', 'Fiction', 'Asian Literature', 'Young Adult', 'Love', 'Womens Fiction', 'Contemporary', 'Drama', 'Young Adult']","['Romance', 'Novels', 'Fiction', 'Asian Literature', 'Young Adult', 'Love', 'Womens Fiction', 'Contemporary', 'Drama']"
20645824,[],[]
15881,"['', '', 'Fantasy', 'Fiction', 'Young Adult', 'Fantasy', 'Childrens', 'Childrens', 'Audiobook', 'Adventure', 'Classics', 'Science Fiction Fantasy']","['Fantasy', 'Fiction', 'Young Adult', 'Childrens', 'Audiobook', 'Adventure', 'Classics', 'Science Fiction Fantasy']"
1,"['Fantasy', 'Young Adult', 'Fiction', 'Fantasy', 'Childrens', 'Adventure', 'Audiobook', 'Childrens', 'Classics', 'Science Fiction Fantasy']","['Fantasy', 'Young Adult', 'Fiction', 'Childrens', 'Adventure', 'Audiobook', 'Classics', 'Science Fiction Fantasy']"
28186,"['Fantasy', 'Young Adult', 'Fantasy', 'Fiction', 'Childrens', 'Adventure', 'Mythology', 'Childrens', 'Fantasy', 'Fantasy']","['Fantasy', 'Young Adult', 'Fiction', 'Childrens', 'Adventure', 'Mythology']"
6,"['Fantasy', 'Young Adult', 'Fiction', 'Fantasy', 'Childrens', 'Adventure', 'Childrens', 'Audiobook', 'Classics', 'Science Fiction Fantasy']","['Fantasy', 'Young Adult', 'Fiction', 'Childrens', 'Adventure', 'Audiobook', 'Classics', 'Science Fiction Fantasy']"
2,"['Fantasy', 'Young Adult', 'Fiction', 'Fantasy', 'Childrens', 'Adventure', 'Audiobook', 'Childrens', 'Classics', 'Science Fiction Fantasy']","['Fantasy', 'Young Adult', 'Fiction', 'Childrens', 'Adventure', 'Audiobook', 'Classics', 'Science Fiction Fantasy']"
5,"['Fantasy', 'Young Adult', 'Fiction', 'Fantasy', 'Childrens', 'Childrens', 'Adventure', 'Audiobook', 'Classics', 'Science Fiction Fantasy']","['Fantasy', 'Young Adult', 'Fiction', 'Childrens', 'Adventure', 'Audiobook', 'Classics', 'Science Fiction Fantasy']"
121749,"['Fantasy', 'Classics', 'Fiction', 'Young Adult', 'Childrens', 'Adventure', 'Christian', 'Childrens', 'Christian Fiction', 'Audiobook']","['Fantasy', 'Classics', 'Fiction', 'Young Adult', 'Childrens', 'Adventure', 'Christian', 'Christian Fiction', 'Audiobook']"
136251,"['', '', 'Young Adult', 'Fiction', 'Fantasy', 'Childrens', 'Adventure', 'Audiobook', 'Childrens', 'Classics', 'Science Fiction Fantasy', 'Novels']","['Young Adult', 'Fiction', 'Fantasy', 'Childrens', 'Adventure', 'Audiobook', 'Classics', 'Science Fiction Fantasy', 'Novels']"
6411961,"['Fiction', 'Mystery', 'Thriller', 'Thriller', 'Suspense', 'Adventure', 'Historical', 'Mystery', 'Novels', 'Adult']","['Fiction', 'Mystery', 'Thriller', 'Suspense', 'Adventure', 'Historical', 'Novels', 'Adult']"
968,"['Fiction', 'Mystery', 'Thriller', 'Thriller', 'Suspense', 'Historical', 'Adventure', 'Novels', 'Mystery', 'Adult']","['Fiction', 'Mystery', 'Thriller', 'Suspense', 'Historical', 'Adventure', 'Novels', 'Adult']"
17212231,"['Fiction', 'Thriller', 'Mystery', 'Thriller', 'Historical', 'Suspense', 'Adventure', 'Novels', 'Mystery', 'Adult']","['Fiction', 'Thriller', 'Mystery', 'Historical', 'Suspense', 'Adventure', 'Novels', 'Adult']"
801178,"['Nonfiction', 'Self Help', 'Inspirational', 'Short Stories', 'Self Help', 'Psychology', 'Spirituality', 'Philosophy', 'Christian', 'Writing']","['Nonfiction', 'Self Help', 'Inspirational', 'Short Stories', 'Psychology', 'Spirituality', 'Philosophy', 'Christian', 'Writing']"
865,"['Fiction', 'Classics', 'Fantasy', 'Philosophy', 'Novels', 'Spirituality', 'Self Help', 'Literature', 'Adventure', 'Inspirational']","['Fiction', 'Classics', 'Fantasy', 'Philosophy', 'Novels', 'Spirituality', 'Self Help', 'Literature', 'Adventure', 'Inspirational']"
1274,"['Nonfiction', 'Self Help', 'Psychology', 'Relationships', 'Marriage', 'Self Help', 'Philosophy', 'Romance', 'Unfinished', 'Audiobook']","['Nonfiction', 'Self Help', 'Psychology', 'Relationships', 'Marriage', 'Philosophy', 'Romance', 'Unfinished', 'Audiobook']"
8520610,"['', '', 'Nonfiction', 'Psychology', 'Self Help', 'Science', 'Business', 'Audiobook', 'Self Help', 'Sociology', 'Leadership', 'Adult']","['Nonfiction', 'Psychology', 'Self Help', 'Science', 'Business', 'Audiobook', 'Sociology', 'Leadership', 'Adult']"
11125,"['Fiction', 'Thriller', 'Mystery', 'Suspense', 'Thriller', 'Mystery', 'Novels', 'Science Fiction', 'Adventure', 'Adult']","['Fiction', 'Thriller', 'Mystery', 'Suspense', 'Novels', 'Science Fiction', 'Adventure', 'Adult']"
128029,"['', 'Fiction', 'Historical', 'Contemporary', 'Novels', 'Historical', 'War', 'Adult', 'Adult Fiction', 'Classics', 'Drama']","['Fiction', 'Historical', 'Contemporary', 'Novels', 'War', 'Adult', 'Adult Fiction', 'Classics', 'Drama']"
960,"['', '', 'Fiction', 'Mystery', 'Thriller', 'Thriller', 'Suspense', 'Adventure', 'Mystery', 'Historical', 'Novels', 'Adult']","['Fiction', 'Mystery', 'Thriller', 'Suspense', 'Adventure', 'Historical', 'Novels', 'Adult']"
13335037,"['Young Adult', 'Science Fiction', 'Fiction', 'Fantasy', 'Science Fiction', 'Romance', 'Adventure', 'Young Adult', 'Action', 'Apocalyptic']","['Young Adult', 'Science Fiction', 'Fiction', 'Fantasy', 'Romance', 'Adventure', 'Action', 'Apocalyptic']"
100915,"['Fantasy', 'Classics', 'Fiction', 'Young Adult', 'Childrens', 'Childrens', 'Adventure', 'Christian', 'Fantasy', 'Christian Fiction']","['Fantasy', 'Classics', 'Fiction', 'Young Adult', 'Childrens', 'Adventure', 'Christian', 'Christian Fiction']"
2767052,"['', '', 'Young Adult', 'Fiction', 'Science Fiction', 'Fantasy', 'Science Fiction', 'Romance', 'Adventure', 'Young Adult', 'Apocalyptic', 'Audiobook']","['Young Adult', 'Fiction', 'Science Fiction', 'Fantasy', 'Romance', 'Adventure', 'Apocalyptic', 'Audiobook']"
41865,"['', 'Fantasy', 'Young Adult', 'Romance', 'Fiction', 'Paranormal', 'Fantasy', 'Romance', 'Fantasy', 'Fantasy', 'Young Adult']","['Fantasy', 'Young Adult', 'Romance', 'Fiction', 'Paranormal']"
28187,"['Fantasy', 'Young Adult', 'Fantasy', 'Fiction', 'Childrens', 'Adventure', 'Childrens', 'Mythology', 'Fantasy', 'Young Adult']","['Fantasy', 'Young Adult', 'Fiction', 'Childrens', 'Adventure', 'Mythology']"
113436,"['Fantasy', 'Young Adult', 'Fiction', 'Fantasy', 'Adventure', 'Fantasy', 'Fantasy', 'Young Adult', 'Science Fiction Fantasy', 'Childrens']","['Fantasy', 'Young Adult', 'Fiction', 'Adventure', 'Science Fiction Fantasy', 'Childrens']"
15241,"['Fantasy', 'Fiction', 'Classics', 'Adventure', 'Fantasy', 'Science Fiction Fantasy', 'Fantasy', 'Audiobook', 'Novels', 'Literature']","['Fantasy', 'Fiction', 'Classics', 'Adventure', 'Science Fiction Fantasy', 'Audiobook', 'Novels', 'Literature']"
34,"['Fantasy', 'Classics', 'Fiction', 'Adventure', 'Science Fiction Fantasy', 'Fantasy', 'Fantasy', 'Audiobook', 'Young Adult', 'Novels']","['Fantasy', 'Classics', 'Fiction', 'Adventure', 'Science Fiction Fantasy', 'Audiobook', 'Young Adult', 'Novels']"
3,"['', 'Fantasy', 'Fiction', 'Young Adult', 'Fantasy', 'Childrens', 'Childrens', 'Classics', 'Adventure', 'Audiobook', 'Science Fiction Fantasy']","['Fantasy', 'Fiction', 'Young Adult', 'Childrens', 'Classics', 'Adventure', 'Audiobook', 'Science Fiction Fantasy']"
